,timestamp,MagneticRotationSensor,Device
0,1746468275188,49.09048223168153,Background
1,1746468275247,49.14705960706663,Background
2,1746468275306,49.417634017639294,Background
3,1746468275368,49.47217368655088,Background
4,1746468275426,49.45708904391637,Background
5,1746468275486,49.35270784690035,Background
6,1746468275547,49.3855626034735,Background
7,1746468275607,49.42320905032464,Background
8,1746468275666,49.41064289744544,Background
9,1746468275726,49.48263088451854,Background
10,1746468275788,49.37838640451638,Background
11,1746468275847,49.28161252747789,Background
12,1746468275906,49.222093849163045,Background
13,1746468275966,49.27969442741427,Background
14,1746468276027,49.33279814683248,Background
15,1746468276086,49.33565156454196,Background
16,1746468276147,49.40326300057089,Background
17,1746468276206,49.39324039091124,Background
18,1746468276268,49.354193460066206,Background
19,1746468276326,49.49218905984088,Background
20,1746468276386,49.56415913071776,Background
21,1746468276448,49.70833411695041,Background
22,1746468276506,49.57914535465528,Background
23,1746468276566,49.57939909982495,Background
24,1746468276626,49.48133906898129,Background
25,1746468276687,49.56462429660599,Background
26,1746468276748,49.57266369528718,Background
27,1746468276806,49.456679599470846,Background
28,1746468276867,49.44690846324698,Background
29,1746468276926,49.38009213580935,Background
30,1746468276986,49.441424692425926,Background
31,1746468277048,49.48724623363564,Background
32,1746468277107,49.66542356014956,Background
33,1746468277166,49.69444979751984,Background
34,1746468277227,49.7435243602169,Background
35,1746468277286,49.79371298573388,Background
36,1746468277347,49.87489551133493,Background
37,1746468277406,49.71978929999079,Background
38,1746468277466,49.71477310480175,Background
39,1746468277527,49.63536125923615,Background
40,1746468277586,49.50428064144992,Background
41,1746468277647,49.435391594757206,Background
42,1746468277708,49.450957510070126,Background
43,1746468277767,49.30995991875054,Background
44,1746468277827,49.20473016153954,Background
45,1746468277886,49.2590960072126,Background
46,1746468277946,49.340637346248464,Background
47,1746468278008,49.50311497987461,Background
48,1746468278066,49.53096371015611,Background
49,1746468278126,49.45391371936002,Background
50,1746468278187,49.458651911821725,Background
51,1746468278247,49.69814089170477,Background
52,1746468278308,49.769032433482245,Background
53,1746468278366,49.86477333285733,Background
54,1746468278427,49.86957071451658,Background
55,1746468278487,49.80635411733554,Background
56,1746468278546,49.7964709789858,Background
57,1746468278608,49.86189330847936,Background
58,1746468278667,49.756862357470375,Background
59,1746468278726,49.75483591583908,Background
60,1746468278786,49.66057196669448,Background
61,1746468278847,49.6346662780611,Background
62,1746468278906,49.47985898122879,Background
63,1746468278967,49.42177751409122,Background
64,1746468279026,49.38223602733338,Background
65,1746468279086,49.40208500190277,Background
66,1746468279147,49.53011057843384,Background
67,1746468279206,49.39055283922232,Background
68,1746468279267,49.34935401452771,Background
69,1746468279326,49.24283164451415,Background
70,1746468279386,49.44594333108858,Background
71,1746468279447,49.49213484046986,Background
72,1746468279507,49.49897139259011,Background
73,1746468279566,49.28001863656296,Background
74,1746468279626,49.19829964349032,Background
75,1746468279687,49.22512252621881,Background
76,1746468279747,49.20798103213539,Background
77,1746468279806,49.27186874014721,Background
78,1746468279867,49.15806004787554,Background
79,1746468279927,49.21251279622088,Background
80,1746468279986,49.13478358389455,Background
81,1746468280046,49.1565566388393,Background
82,1746468280106,49.28572968610678,Background
83,1746468280169,49.30931176623311,Background
84,1746468280227,49.50891282368452,Background
85,1746468280286,49.47735735599467,Background
86,1746468280347,49.47005440855601,Background
87,1746468280407,49.42718241269712,Background
88,1746468280466,49.51301776860364,Background
89,1746468280527,49.5353653601986,Background
90,1746468280588,49.45875659967463,Background
91,1746468280646,49.36972160419174,Background
92,1746468280706,49.22299146131369,Background
93,1746468280766,49.26176865971208,Background
94,1746468280828,49.27645915097676,Background
95,1746468280886,49.21355354679213,Background
96,1746468280946,49.1194864651194,Background
97,1746468281008,49.19469776876278,Background
98,1746468281066,49.03662096033531,Background
99,1746468281127,48.95755847338695,Background
100,1746468281186,48.882433290448,Background
101,1746468281247,48.809607434539046,Background
102,1746468281306,48.79013163051987,Background
103,1746468281366,48.73995420273525,Background
104,1746468281428,48.91902538622676,Background
105,1746468281486,48.96812712769241,Background
106,1746468281546,49.13308636744753,Background
107,1746468281606,49.26279413134984,Background
108,1746468281667,49.3070758805537,Background
109,1746468281727,49.396008827708165,Background
110,1746468281786,49.35032466086672,Background
111,1746468281848,49.41718325762516,Background
112,1746468281907,49.18298132987093,Background
113,1746468281966,49.10457569784112,Background
114,1746468282026,49.061856506428434,Background
115,1746468282087,48.99006459046476,Background
116,1746468282146,49.06854014324463,Background
117,1746468282207,49.06257754967265,Background
118,1746468282266,49.03357841017748,Background
119,1746468282329,48.90407146876488,Background
120,1746468282388,48.928883119068566,Background
121,1746468282446,48.89228451206481,Background
122,1746468282506,48.79713424960041,Background
123,1746468282567,48.77449824102245,Background
124,1746468282626,48.77546680758402,Background
125,1746468282686,48.76959361703695,Background
126,1746468282748,48.7755909565416,Background
127,1746468282807,48.75804110563451,Background
128,1746468282866,48.930589450183554,Background
129,1746468282927,49.05712973470104,Background
130,1746468282988,49.15637437916264,Background
131,1746468283047,49.28021743236939,Background
132,1746468283106,49.288100584714016,Background
133,1746468283166,49.32436265996494,Background
134,1746468283227,49.303591955105865,Background
135,1746468283286,49.43222223771031,Background
136,1746468283347,49.3446070146395,Background
137,1746468283408,49.305232671299535,Background
138,1746468283466,49.29469880206285,Background
139,1746468283526,49.34930911696544,Background
140,1746468283586,49.32024633092868,Background
141,1746468283647,49.39792412487039,Background
142,1746468283706,49.47592611692381,Background
143,1746468283766,49.50996007127564,Background
144,1746468283826,49.51126745248107,Background
145,1746468283886,49.39858232060962,Background
146,1746468283947,49.39136311448678,Background
147,1746468284006,49.35010342543643,Background
148,1746468284067,49.28053072332517,Background
149,1746468284126,49.08238062653557,Background
150,1746468284186,49.06361069165556,Background
151,1746468284248,49.10943160443113,Background
152,1746468284306,49.109748120536594,Background
153,1746468284366,49.23851824787608,Background
154,1746468284426,49.32720629583615,Background
155,1746468284487,49.354407609770405,Background
156,1746468284546,49.16496795663704,Background
157,1746468284608,49.23969015115392,Background
158,1746468284668,49.340405650016464,Background
159,1746468284728,49.23379159102906,Background
160,1746468284786,49.194636965453,Background
161,1746468284847,49.14823326297616,Background
162,1746468284907,49.22802515826167,Background
163,1746468542346,131.20520167423163,Fridge
164,1746468542407,131.93962283027562,Fridge
165,1746468542466,132.21993644546794,Fridge
166,1746468542528,132.53787784429468,Fridge
167,1746468542586,133.74107046081713,Fridge
168,1746468542646,135.5851697714657,Fridge
169,1746468542707,135.5921497399691,Fridge
170,1746468542766,135.30740957189238,Fridge
171,1746468542826,134.38789878743853,Fridge
172,1746468542886,133.7366082146208,Fridge
173,1746468542949,133.41583895676533,Fridge
174,1746468543007,133.13456167090206,Fridge
175,1746468543066,131.8380302957813,Fridge
176,1746468543126,130.09073014190616,Fridge
177,1746468543188,129.31786987053042,Fridge
178,1746468543248,129.35347235729373,Fridge
179,1746468543307,129.24263437315187,Fridge
180,1746468543367,129.08941442756853,Fridge
181,1746468543427,128.9577684028876,Fridge
182,1746468543486,128.84145208661084,Fridge
183,1746468543546,128.80825052506515,Fridge
184,1746468543608,128.78740197692863,Fridge
185,1746468543666,129.07624057969744,Fridge
186,1746468543726,128.91175902333637,Fridge
187,1746468543786,129.04789287449782,Fridge
188,1746468543847,129.15939199940138,Fridge
189,1746468543907,129.27511219681665,Fridge
190,1746468543966,129.1646329642064,Fridge
191,1746468544027,128.91488430721571,Fridge
192,1746468544086,128.59359908793633,Fridge
193,1746468544146,128.17786931050466,Fridge
194,1746468544208,128.23522580605345,Fridge
195,1746468544267,128.27550080959392,Fridge
196,1746468544326,128.37603492058025,Fridge
197,1746468544386,128.64497703918644,Fridge
198,1746468544447,128.88996402655889,Fridge
199,1746468544506,129.2688324649744,Fridge
200,1746468544568,129.45688680982468,Fridge
201,1746468544626,129.60000817813645,Fridge
202,1746468544688,129.64140473026848,Fridge
203,1746468544746,129.7446485388243,Fridge
204,1746468544806,129.6116741563808,Fridge
205,1746468544866,130.30281546689986,Fridge
206,1746468544927,130.25022569186524,Fridge
207,1746468544987,130.25071694616193,Fridge
208,1746468545046,130.36633546464955,Fridge
209,1746468545107,130.4196021806227,Fridge
210,1746468545168,130.44385780530774,Fridge
211,1746468545227,130.6049629015981,Fridge
212,1746468545286,130.6953290610255,Fridge
213,1746468545348,129.77170298832476,Fridge
214,1746468545406,129.89942285738036,Fridge
215,1746468545467,129.9540019552854,Fridge
216,1746468545527,129.99085961047027,Fridge
217,1746468545587,130.19683370646126,Fridge
218,1746468545647,130.13091397750267,Fridge
219,1746468545707,130.29883480343614,Fridge
220,1746468545769,130.35093660012654,Fridge
221,1746468545826,130.66258297793385,Fridge
222,1746468545886,130.76457667003288,Fridge
223,1746468545946,130.81018365344704,Fridge
224,1746468546007,130.93153229370878,Fridge
225,1746468546066,130.89988048039243,Fridge
226,1746468546127,131.0871970436444,Fridge
227,1746468546186,130.74764893677312,Fridge
228,1746468546246,130.70670158894703,Fridge
229,1746468546306,130.47667257782956,Fridge
230,1746468546366,130.26171947628077,Fridge
231,1746468546428,130.18260198125571,Fridge
232,1746468546487,130.14171458541787,Fridge
233,1746468546547,129.98923247932083,Fridge
234,1746468546606,130.048879548225,Fridge
235,1746468546668,130.0510151060696,Fridge
236,1746468546728,130.19799549097957,Fridge
237,1746468546787,130.30639938017416,Fridge
238,1746468546849,130.60559411275912,Fridge
239,1746468546906,130.77164421636172,Fridge
240,1746468546967,130.82618719903945,Fridge
241,1746468547027,130.83931680776422,Fridge
242,1746468547087,130.9496101069799,Fridge
243,1746468547147,131.10171761670378,Fridge
244,1746468547206,131.08828220229375,Fridge
245,1746468547266,131.26268756475667,Fridge
246,1746468547327,131.337613995455,Fridge
247,1746468547387,131.522355853854,Fridge
248,1746468547448,131.53970433261125,Fridge
249,1746468547508,131.76974794036826,Fridge
250,1746468547567,131.77102458946484,Fridge
251,1746468547627,131.55450916622777,Fridge
252,1746468547688,131.54227442489346,Fridge
253,1746468547748,131.28607686378345,Fridge
254,1746468547806,131.06445255974296,Fridge
255,1746468547866,130.78006862553957,Fridge
256,1746468547926,130.6689111596391,Fridge
257,1746468547986,130.4991999459669,Fridge
258,1746468548047,130.3858617424098,Fridge
259,1746468548106,130.45933707565183,Fridge
260,1746468548168,130.36833001382828,Fridge
261,1746468548227,130.52088332267218,Fridge
262,1746468548286,130.54184712969126,Fridge
263,1746468548347,130.50051325584803,Fridge
264,1746468548407,130.36401659292372,Fridge
265,1746468548466,130.2460881892392,Fridge
266,1746468548526,130.08750647051133,Fridge
267,1746468548589,129.99073010860965,Fridge
268,1746468548648,129.91182242455156,Fridge
269,1746468548706,129.68555190849077,Fridge
270,1746468548768,129.66289741032895,Fridge
271,1746468548828,129.57346093413582,Fridge
272,1746468548886,129.83872870580657,Fridge
273,1746468548948,129.7397507824909,Fridge
274,1746468549006,129.75088232361264,Fridge
275,1746468549067,129.6195935416539,Fridge
276,1746468549127,129.68858975221508,Fridge
277,1746468549186,129.73396839653347,Fridge
278,1746468549248,129.61570680215837,Fridge
279,1746468549306,129.63572676492524,Fridge
280,1746468549366,129.51365670467794,Fridge
281,1746468549426,129.91291335619815,Fridge
282,1746468549487,129.99649906954278,Fridge
283,1746468549547,130.12886817391896,Fridge
284,1746468549607,130.16904698200145,Fridge
285,1746468549666,130.34416312944526,Fridge
286,1746468549726,130.26778510126732,Fridge
287,1746468549787,130.3034555375754,Fridge
288,1746468549847,130.11882947322064,Fridge
289,1746468549908,129.89360462594868,Fridge
290,1746468549966,129.9349489085735,Fridge
291,1746468550026,130.08955666257432,Fridge
292,1746468550086,130.0785608491661,Fridge
293,1746468550149,130.13254572314554,Fridge
294,1746468550208,130.3860976700731,Fridge
295,1746468550267,130.61836905229256,Fridge
296,1746468550326,130.92692057714686,Fridge
297,1746468550386,131.15929876911315,Fridge
298,1746468550447,131.17034067555085,Fridge
299,1746468550508,131.1350960056855,Fridge
300,1746468550568,131.1450542243696,Fridge
301,1746468550626,131.15168385490745,Fridge
302,1746468550686,131.11195895097546,Fridge
303,1746468550746,130.98528440231556,Fridge
304,1746468550808,130.9080141932034,Fridge
305,1746468550867,130.77586556298922,Fridge
306,1746468550926,130.8941045336812,Fridge
307,1746468550988,130.94997965393958,Fridge
308,1746468551047,131.0111504802381,Fridge
309,1746468551106,130.9000468903236,Fridge
310,1746468551167,130.97777716928624,Fridge
311,1746468551228,131.0446619280895,Fridge
312,1746468551287,131.02402942487157,Fridge
313,1746468551346,130.9830687791743,Fridge
314,1746468551406,130.87187598702695,Fridge
315,1746468551467,130.77833879751432,Fridge
316,1746468551526,130.72742613382158,Fridge
317,1746468551586,130.83371699692185,Fridge
318,1746468551648,130.87440879628844,Fridge
319,1746468551707,130.7919898893317,Fridge
320,1746468551768,130.79301130589957,Fridge
321,1746468551826,131.0411266233485,Fridge
322,1746468551887,131.0596265379519,Fridge
323,1746468551946,131.20347171770345,Fridge
324,1746468552007,131.21728959310403,Fridge
325,1746468552066,131.1844939216885,Fridge
326,1746468552126,131.0750250329679,Fridge
327,1746468552186,131.12460382275117,Fridge
328,1746468552247,131.28136098572898,Fridge
329,1746468552307,131.11895682082866,Fridge
330,1746468552367,131.1402432552977,Fridge
331,1746468552426,131.5089543435076,Fridge
332,1746468552486,131.89068712012272,Fridge
333,1746468552547,131.92971657727458,Fridge
334,1746468552606,131.8831740157679,Fridge
335,1746468552668,131.84671382165513,Fridge
336,1746468552727,131.84317542205716,Fridge
337,1746468552786,131.72462956815755,Fridge
338,1746468552847,131.66919798767333,Fridge
339,1746468552906,131.14183563474705,Fridge
340,1746468552968,130.80489044557902,Fridge
341,1746468553026,130.89013855365522,Fridge
342,1746468553086,130.98264306270494,Fridge
343,1746468553146,131.07876217731717,Fridge
344,1746468553207,131.00556449170332,Fridge
345,1746468553266,131.16409627786882,Fridge
346,1746468553327,131.2681016880654,Fridge
347,1746468553388,131.4709236129258,Fridge
348,1746468553447,131.50190328158126,Fridge
349,1746468553506,131.36692131020334,Fridge
350,1746468553566,131.37882311531143,Fridge
351,1746468553628,131.3665248662487,Fridge
352,1746468553687,131.346331050394,Fridge
353,1746468553746,131.28545158793682,Fridge
354,1746468553807,131.18300367591212,Fridge
355,1746468553866,131.28056005356228,Fridge
356,1746468553926,131.33453033083612,Fridge
357,1746468670168,54.42955344023612,Laptop
358,1746468670226,54.80202058857288,Laptop
359,1746468670287,54.62053010150093,Laptop
360,1746468670346,54.81974634746649,Laptop
361,1746468670407,55.1317626139629,Laptop
362,1746468670466,54.73318062069651,Laptop
363,1746468670526,55.06761904520532,Laptop
364,1746468670588,55.01105319033817,Laptop
365,1746468670646,54.95357485468015,Laptop
366,1746468670706,55.01727313506057,Laptop
367,1746468670768,54.85700678881948,Laptop
368,1746468670828,54.602721683556446,Laptop
369,1746468670886,54.864675882987015,Laptop
370,1746468670946,54.98389490852945,Laptop
371,1746468671006,54.8547546512353,Laptop
372,1746468671067,55.75736922778604,Laptop
373,1746468671128,56.32791855370828,Laptop
374,1746468671186,56.32204655448284,Laptop
375,1746468671248,57.72801536927964,Laptop
376,1746468671306,58.42034698095976,Laptop
377,1746468671367,58.82320434368467,Laptop
378,1746468671429,59.854458505755815,Laptop
379,1746468671487,60.69003201829384,Laptop
380,1746468671546,60.760288605298165,Laptop
381,1746468671606,61.12830729442027,Laptop
382,1746468671666,62.182231047794886,Laptop
383,1746468671727,62.49121024198296,Laptop
384,1746468671787,63.143624950754486,Laptop
385,1746468671847,64.32790968952743,Laptop
386,1746468671907,65.85891602086798,Laptop
387,1746468671966,66.97480920887826,Laptop
388,1746468672027,69.01558423825063,Laptop
389,1746468672087,71.26607503873957,Laptop
390,1746468672147,72.78826287077175,Laptop
391,1746468672206,74.48308953121268,Laptop
392,1746468672267,76.62582036909383,Laptop
393,1746468672329,77.82845857790583,Laptop
394,1746468672388,78.39131487016652,Laptop
395,1746468672447,79.45459293558407,Laptop
396,1746468672507,79.29139733350146,Laptop
397,1746468672568,78.63294292151475,Laptop
398,1746468672626,78.50929742413429,Laptop
399,1746468672687,77.81453852122712,Laptop
400,1746468672747,76.84545780497875,Laptop
401,1746468672808,76.29555017958937,Laptop
402,1746468672866,75.49321118295236,Laptop
403,1746468672927,74.64325448834528,Laptop
404,1746468672988,74.17040142610205,Laptop
405,1746468673047,73.82095014012756,Laptop
406,1746468673106,73.18482300810089,Laptop
407,1746468673166,72.67465064003697,Laptop
408,1746468673228,72.01004488282919,Laptop
409,1746468673287,71.33479693409974,Laptop
410,1746468673346,70.93910452018744,Laptop
411,1746468673406,70.56700507743236,Laptop
412,1746468673466,70.0297657222818,Laptop
413,1746468673526,69.51828714931024,Laptop
414,1746468673586,69.2732583522064,Laptop
415,1746468673647,69.20458725105124,Laptop
416,1746468673706,69.2221916801294,Laptop
417,1746468673766,69.28136752107046,Laptop
418,1746468673826,69.22184778679407,Laptop
419,1746468673888,69.19908793939177,Laptop
420,1746468673947,69.17556520133957,Laptop
421,1746468674006,69.1165866554304,Laptop
422,1746468674067,68.89189182375596,Laptop
423,1746468674126,68.4398535962841,Laptop
424,1746468674186,68.24518494938981,Laptop
425,1746468674248,68.21637169627942,Laptop
426,1746468674307,68.29590553134973,Laptop
427,1746468674367,68.26234855666495,Laptop
428,1746468674426,68.18279536775258,Laptop
429,1746468674486,68.07945536026499,Laptop
430,1746468674548,68.00479591956467,Laptop
431,1746468674607,68.0254608555065,Laptop
432,1746468674666,68.17793440541462,Laptop
433,1746468674728,67.97712847887142,Laptop
434,1746468674786,67.52275351742327,Laptop
435,1746468674846,67.0758329675661,Laptop
436,1746468674906,66.75616103488625,Laptop
437,1746468674967,66.8693494112593,Laptop
438,1746468675027,66.65517811048838,Laptop
439,1746468675086,66.44444799156182,Laptop
440,1746468675146,65.75640134726002,Laptop
441,1746468675206,65.18358251593848,Laptop
442,1746468675266,64.9665209251567,Laptop
443,1746468675326,64.8389056630877,Laptop
444,1746468675388,64.72236509374709,Laptop
445,1746468675446,64.65493444764672,Laptop
446,1746468675507,64.61799124045251,Laptop
447,1746468675582,64.54761326009611,Laptop
448,1746468675627,64.52282911186359,Laptop
449,1746468675686,64.43873518454618,Laptop
450,1746468675746,64.38367114799517,Laptop
451,1746468675807,64.50214331747438,Laptop
452,1746468675866,64.45920917650376,Laptop
453,1746468675926,64.21394661931154,Laptop
454,1746468675986,64.03841862798707,Laptop
455,1746468676049,64.10566992295034,Laptop
456,1746468676107,64.22354523112571,Laptop
457,1746468676168,64.41962823188655,Laptop
458,1746468676226,64.67127939112659,Laptop
459,1746468676286,64.8737688499013,Laptop
460,1746468676346,65.25290174872188,Laptop
461,1746468676407,65.32565510253816,Laptop
462,1746468676467,66.00375441753245,Laptop
463,1746468676526,66.4338361922016,Laptop
464,1746468676586,66.95344432143074,Laptop
465,1746468676647,67.66237388477876,Laptop
466,1746468676708,67.84905370450872,Laptop
467,1746468676766,68.06869126085216,Laptop
468,1746468676826,68.46178166533427,Laptop
469,1746468676887,68.76807408741293,Laptop
470,1746468676946,68.6376698892534,Laptop
471,1746468677006,68.28966153623895,Laptop
472,1746468677066,68.28943388346195,Laptop
473,1746468677129,68.52851457545542,Laptop
474,1746468677186,68.74048371496234,Laptop
475,1746468677247,69.19855252878564,Laptop
476,1746468677306,69.07862981356844,Laptop
477,1746468677367,69.3227067276785,Laptop
478,1746468677426,69.97216781821399,Laptop
479,1746468677486,70.35933087331682,Laptop
480,1746468677546,70.73746334758515,Laptop
481,1746468677606,71.08334880317383,Laptop
482,1746468677666,71.09174652422308,Laptop
483,1746468677726,70.96581384458243,Laptop
484,1746468677787,70.64305880448985,Laptop
485,1746468677847,70.5053219613684,Laptop
486,1746468677907,69.85162787445161,Laptop
487,1746468677966,69.54132449038666,Laptop
488,1746468678027,69.32028558364921,Laptop
489,1746468678086,68.58578472485006,Laptop
490,1746468678147,68.4728100828643,Laptop
491,1746468678207,68.25006064506616,Laptop
492,1746468678266,68.35121437764579,Laptop
493,1746468678327,68.21303796708096,Laptop
494,1746468678386,67.96955751073561,Laptop
495,1746468678448,67.94097022254043,Laptop
496,1746468678506,67.43099348387345,Laptop
497,1746468678566,67.19614535264992,Laptop
498,1746468678630,67.56146753021605,Laptop
499,1746468678686,67.42872151966067,Laptop
500,1746468678746,67.40071064096152,Laptop
501,1746468678806,67.70486190701959,Laptop
502,1746468678867,67.86253902239551,Laptop
503,1746468678927,68.28961642042529,Laptop
504,1746468678987,68.55862639352463,Laptop
505,1746468679046,68.72913832473606,Laptop
506,1746468679108,68.50197766706964,Laptop
507,1746468679166,68.21654781287243,Laptop
508,1746468679228,68.51917152619606,Laptop
509,1746468679287,68.17097316868515,Laptop
510,1746468679346,68.19395750390224,Laptop
511,1746468679407,67.86029545524488,Laptop
512,1746468679466,67.61223475911468,Laptop
513,1746468679529,67.72038079199795,Laptop
514,1746468679586,67.58601692555754,Laptop
515,1746468679647,67.68852957832765,Laptop
516,1746468679706,67.61179027925398,Laptop
517,1746468679767,67.39781478447362,Laptop
518,1746468679827,66.9439337302914,Laptop
519,1746468679887,66.54234638469703,Laptop
520,1746468679948,65.55766550183942,Laptop
521,1746468680006,64.7014035819986,Laptop
522,1746468680066,63.0665867033097,Laptop
523,1746468680126,60.49040429958467,Laptop
524,1746468680188,59.74079920320355,Laptop
525,1746468680247,58.05555942562878,Laptop
526,1746468680306,55.81934684098612,Laptop
527,1746468680367,54.31589564657701,Laptop
528,1746468680430,52.45592391004672,Laptop
529,1746468680489,49.20923735747787,Laptop
530,1746468680546,49.32265183011597,Laptop
531,1746468680608,47.00356257409792,Laptop
532,1746468680668,45.43015658211707,Laptop
533,1746468680727,44.191226795351184,Laptop
534,1746468680787,42.772223670186605,Laptop
535,1746468680848,42.72544712990044,Laptop
536,1746468680906,41.32320721782413,Laptop
537,1746468680966,42.15754865143391,Laptop
538,1746468681026,40.77919949885936,Laptop
539,1746468681086,41.19643195029146,Laptop
540,1746468681146,40.71628585409115,Laptop
541,1746468681206,40.42619353524718,Laptop
542,1746468681267,41.606138462503445,Laptop
543,1746468681326,40.525398800780415,Laptop
544,1746468681387,41.59932809903795,Laptop
545,1746468681447,41.89182525457671,Laptop
546,1746468681507,42.04007606099759,Laptop
547,1746468681566,43.50427723639662,Laptop
548,1746468681626,44.15383678199786,Laptop
549,1746468681688,45.56379898665592,Laptop
550,1746468681747,46.46480284216919,Laptop
551,1746468681806,47.8600550003016,Laptop
552,1746468681866,48.90907010050484,Laptop
553,1746468681928,49.88975635022056,Laptop
554,1746468681987,51.03729852710905,Laptop
555,1746468682049,51.518400090232696,Laptop
556,1746468682107,51.64696811190541,Laptop
557,1746468682167,51.91158634110177,Laptop
558,1746468682227,51.79559117627491,Laptop
559,1746468682286,51.979307998605336,Laptop
560,1746468682349,52.38821981218163,Laptop
561,1746468682407,52.26554203919819,Laptop
562,1746468682466,52.46036451441376,Laptop
563,1746468682526,52.87382351804216,Laptop
564,1746468682588,53.43765328154423,Laptop
565,1746468682647,53.92412566084994,Laptop
566,1746468682708,54.48617604754732,Laptop
567,1746468682766,55.61246946881255,Laptop
568,1746468682828,56.60692055612411,Laptop
569,1746468682887,57.81987458111561,Laptop
570,1746468682946,58.76923265576416,Laptop
571,1746468683008,59.1183135696185,Laptop
572,1746468683066,59.71084151573109,Laptop
573,1746468683126,59.91485642507421,Laptop
574,1746468683187,60.15022601146998,Laptop
575,1746468683248,59.92881261599467,Laptop
576,1746468683307,59.37547907989371,Laptop
577,1746468683367,58.73870009174354,Laptop
578,1746468683427,58.01841630807865,Laptop
579,1746468683487,57.34495720206424,Laptop
580,1746468683546,56.22969058578453,Laptop
581,1746468683609,54.48626847150356,Laptop
582,1746468683667,52.19163192234782,Laptop
583,1746468683726,49.36067479790541,Laptop
584,1746468683786,45.80339495809719,Laptop
585,1746468683847,41.88836114548065,Laptop
586,1746468683907,37.4891907669689,Laptop
587,1746468683967,32.68956690137881,Laptop
588,1746468684029,28.14855989504212,Laptop
589,1746468684087,24.699324706919867,Laptop
590,1746468684146,23.353160885768357,Laptop
591,1746468684206,25.253389452397048,Laptop
592,1746468684266,30.300547099220037,Laptop
593,1746468684328,38.34428368810261,Laptop
594,1746468684387,49.18024030776808,Laptop
595,1746468684447,62.47687333196036,Laptop
596,1746468684507,77.40282377028652,Laptop
597,1746468684567,94.62426110587644,Laptop
598,1746468684627,114.753757871044,Laptop
599,1746468684686,136.81204025505014,Laptop
600,1746468684748,160.01360832315075,Laptop
601,1746468684807,184.37057223925217,Laptop
602,1746468684866,208.63154872853383,Laptop
603,1746468684927,234.1625904564269,Laptop
604,1746468684988,259.56207811695623,Laptop
605,1746468685047,285.338138487863,Laptop
606,1746468685106,310.7670641355308,Laptop
607,1746468685169,337.26868800864435,Laptop
608,1746468685227,365.09234564067975,Laptop
609,1746468685287,393.3232738877192,Laptop
610,1746468685347,422.5298187344024,Laptop
611,1746468685408,449.6385535761556,Laptop
612,1746468685466,475.7686840328696,Laptop
613,1746468685527,498.9558929700116,Laptop
614,1746468685587,520.4624736163347,Laptop
615,1746468685647,541.7636070805218,Laptop
616,1746468685706,563.0473388852224,Laptop
617,1746468685767,584.7401390236555,Laptop
618,1746468685828,605.6487131002398,Laptop
619,1746468685886,626.491515621754,Laptop
620,1746468685946,648.1658718780276,Laptop
621,1746468686007,672.8117079330448,Laptop
622,1746468686071,698.8985082619582,Laptop
623,1746468686128,723.3079775354494,Laptop
624,1746468686186,747.0581777402953,Laptop
625,1746468686247,771.5985764284203,Laptop
626,1746468686307,795.9947800095414,Laptop
627,1746468686367,822.7434160874284,Laptop
628,1746468686426,852.8104150416134,Laptop
629,1746468686487,883.2395613308823,Laptop
630,1746468686546,913.184275038972,Laptop
631,1746468686606,944.1245569694328,Laptop
632,1746468686666,973.0839760708128,Laptop
633,1746468686729,1000.2632410733904,Laptop
634,1746468686788,1030.143383906312,Laptop
635,1746468686846,1056.763272749299,Laptop
636,1746468686908,1076.9996880863462,Laptop
637,1746468686967,1092.0142954464952,Laptop
638,1746468687026,1101.3794211056088,Laptop
639,1746468687088,1102.698391337246,Laptop
640,1746468687147,1099.495468961897,Laptop
641,1746468687207,1088.1278257043082,Laptop
642,1746468687267,1064.354739540264,Laptop
643,1746468687327,1029.8718192588933,Laptop
644,1746468687388,987.9733206503676,Laptop
645,1746468687447,941.7161983174792,Laptop
646,1746468687506,890.3779772014301,Laptop
647,1746468687568,835.0130946535137,Laptop
648,1746468687626,774.590367911959,Laptop
649,1746468687687,713.3459363415642,Laptop
650,1746468687746,653.4690440998974,Laptop
651,1746468687808,597.9434367394085,Laptop
652,1746468687866,547.0542239600064,Laptop
653,1746468687927,499.8297950871421,Laptop
654,1746468687986,461.4636762988274,Laptop
655,1746468688047,434.0208917523893,Laptop
656,1746468688107,419.6393394975098,Laptop
657,1746468688166,420.5862943073247,Laptop
658,1746468688228,441.0599715925408,Laptop
659,1746468688286,486.0414015308231,Laptop
660,1746468688347,561.6146911394194,Laptop
661,1746468688407,665.2323365906483,Laptop
662,1746468688468,795.6092914783851,Laptop
663,1746468688527,943.7007328946996,Laptop
664,1746468688586,1099.5428609061446,Laptop
665,1746468688649,1255.6965105299166,Laptop
666,1746468688706,1393.13072568195,Laptop
667,1746468688766,1491.5917190331118,Laptop
668,1746468688827,1529.745131034355,Laptop
669,1746468688887,1512.6067143687308,Laptop
670,1746468688947,1441.205870445839,Laptop
671,1746468689007,1315.442444977287,Laptop
672,1746468689066,1150.7571143479,Laptop
673,1746468689127,965.6949835670852,Laptop
674,1746468689186,781.6943426540661,Laptop
675,1746468689248,618.7062642882,Laptop
676,1746468689308,496.5725422331548,Laptop
677,1746468689366,412.4732268251569,Laptop
678,1746468689426,355.1735910697968,Laptop
679,1746468689486,314.1239791570578,Laptop
680,1746468689549,282.331962789552,Laptop
681,1746468689607,254.7886682030412,Laptop
682,1746468689667,231.24501001584963,Laptop
683,1746468689727,211.26072512682896,Laptop
684,1746468689787,194.3525207418869,Laptop
685,1746468689847,179.87327999207236,Laptop
686,1746468689908,167.05557630378075,Laptop
687,1746468689968,156.05515402863136,Laptop
688,1746468690026,147.23716297171055,Laptop
689,1746468690086,140.93591280227452,Laptop
690,1746468690147,137.29056216859695,Laptop
691,1746468690209,136.20964439796583,Laptop
692,1746468690266,137.3717239731027,Laptop
693,1746468690327,141.5295120759215,Laptop
694,1746468690387,149.53698059466328,Laptop
695,1746468690447,161.14505938544056,Laptop
696,1746468690509,176.26040491014564,Laptop
697,1746468690568,193.17504646850708,Laptop
698,1746468690628,213.36619324113403,Laptop
699,1746468690686,236.89761745362665,Laptop
700,1746468690746,263.82175240435095,Laptop
701,1746468690806,294.4462653981874,Laptop
702,1746468690868,327.064774346181,Laptop
703,1746468690927,358.5649478693821,Laptop
704,1746468690986,388.4954266606688,Laptop
705,1746468691048,418.63829114470815,Laptop
706,1746468691106,447.9948135882564,Laptop
707,1746468691167,476.96773204847614,Laptop
708,1746468691227,502.7460761823002,Laptop
709,1746468691288,523.1124570263569,Laptop
710,1746468691346,538.267947808848,Laptop
711,1746468691407,549.3792960920094,Laptop
712,1746468691468,554.8908176997093,Laptop
713,1746468691527,554.4790195411757,Laptop
714,1746468691587,547.3691758179489,Laptop
715,1746468691649,533.2698914467628,Laptop
716,1746468691708,514.7099843012348,Laptop
717,1746468691767,494.3335865641486,Laptop
718,1746468691827,472.2576432754484,Laptop
719,1746468691886,450.3224305410972,Laptop
720,1746468691947,430.1345001664177,Laptop
721,1746468692007,411.8298679705324,Laptop
722,1746468692066,394.413161902918,Laptop
723,1746468692127,376.9754827536148,Laptop
724,1746468692187,360.3396198630765,Laptop
725,1746468692247,343.5604584115388,Laptop
726,1746468692306,327.09730424169607,Laptop
727,1746468692369,311.01774307148395,Laptop
728,1746468692428,295.6893465313201,Laptop
729,1746468692487,280.97415264038216,Laptop
730,1746468692546,267.68744831858703,Laptop
731,1746468692607,255.69804446994732,Laptop
732,1746468692666,244.674753088986,Laptop
733,1746468692729,235.64403803323432,Laptop
734,1746468692788,229.30587198530475,Laptop
735,1746468692847,226.35091022159315,Laptop
736,1746468692907,227.7440556316775,Laptop
737,1746468692967,235.27345313371492,Laptop
738,1746468693028,249.28184579790283,Laptop
739,1746468693088,268.50120738999414,Laptop
740,1746468693146,290.3150926125912,Laptop
741,1746468693207,313.8683605894699,Laptop
742,1746468693268,339.0117452281466,Laptop
743,1746468693327,365.39431582854513,Laptop
744,1746468693388,393.00086659983936,Laptop
745,1746468693448,418.966107035488,Laptop
746,1746468693506,444.2532280686702,Laptop
747,1746468693566,470.4109930492509,Laptop
748,1746468693626,499.3051224379772,Laptop
749,1746468693687,526.5334263179083,Laptop
750,1746468693750,549.1215285797904,Laptop
751,1746468856447,55.949516228458585,Charger
752,1746468856506,55.71115573130981,Charger
753,1746468856566,55.57711116241963,Charger
754,1746468856628,55.70856273062391,Charger
755,1746468856695,55.83190367571267,Charger
756,1746468856746,56.10462548877733,Charger
757,1746468856806,56.25217087352236,Charger
758,1746468856866,56.47392117051198,Charger
759,1746468856927,56.55985321470014,Charger
760,1746468856986,56.52882550811615,Charger
761,1746468857047,56.41388854953656,Charger
762,1746468857106,56.26237763505108,Charger
763,1746468857166,55.97362581088323,Charger
764,1746468857226,55.6375333993101,Charger
765,1746468857286,55.50021832197661,Charger
766,1746468857347,55.53561844381665,Charger
767,1746468857406,55.47403235136832,Charger
768,1746468857467,55.77917494147143,Charger
769,1746468857526,56.00847424093204,Charger
770,1746468857587,55.967019063071625,Charger
771,1746468857646,56.15263220700154,Charger
772,1746468857707,56.09348891843536,Charger
773,1746468857766,56.04236345697724,Charger
774,1746468857827,55.75113097390804,Charger
775,1746468857888,55.46551226482428,Charger
776,1746468857947,55.22299555324898,Charger
777,1746468858008,55.16750360214062,Charger
778,1746468858066,55.17470676395402,Charger
779,1746468858126,55.24956437130116,Charger
780,1746468858187,55.40514802343571,Charger
781,1746468858247,55.4468725969321,Charger
782,1746468858306,55.5960706267642,Charger
783,1746468858367,55.82527701357832,Charger
784,1746468858428,55.87307671840343,Charger
785,1746468858486,55.64527993094013,Charger
786,1746468858547,55.389218167365485,Charger
787,1746468858607,55.11394851945753,Charger
788,1746468858668,55.12253438813744,Charger
789,1746468858727,55.109165865666526,Charger
790,1746468858787,55.19464262855119,Charger
791,1746468858848,55.185378724670485,Charger
792,1746468858907,55.22617777194065,Charger
793,1746468858966,55.49677421744977,Charger
794,1746468859026,55.72501561920655,Charger
795,1746468859089,55.86243320955332,Charger
796,1746468859147,55.66437358998967,Charger
797,1746468859207,55.60774557715292,Charger
798,1746468859267,55.40598057728188,Charger
799,1746468859328,55.23437726072881,Charger
800,1746468859386,55.187661898808685,Charger
801,1746468859447,55.1402450778463,Charger
802,1746468859506,55.21745242137297,Charger
803,1746468859567,55.21965618860162,Charger
804,1746468859627,55.51291490319027,Charger
805,1746468859686,55.62789409018006,Charger
806,1746468859749,55.83554172194669,Charger
807,1746468859806,55.98020007456518,Charger
808,1746468859866,55.849833100181904,Charger
809,1746468859927,55.70001519787685,Charger
810,1746468859987,55.536594385031016,Charger
811,1746468860046,55.53596175469927,Charger
812,1746468860106,55.38952477898838,Charger
813,1746468860168,55.52669608850453,Charger
814,1746468860227,55.5793809283722,Charger
815,1746468860286,55.7515492578533,Charger
816,1746468860347,55.94499168594878,Charger
817,1746468860408,56.04533918073231,Charger
818,1746468860467,56.016837599553966,Charger
819,1746468860527,56.05390426379903,Charger
820,1746468860586,55.96654308677301,Charger
821,1746468860647,55.75707482932752,Charger
822,1746468860708,55.58918110948782,Charger
823,1746468860767,55.38757191306624,Charger
824,1746468860828,55.405272213332864,Charger
825,1746468860886,55.53161600729691,Charger
826,1746468860947,55.58066396239162,Charger
827,1746468861007,55.5245533023276,Charger
828,1746468861067,55.65778843856244,Charger
829,1746468861126,55.743558088383615,Charger
830,1746468861187,55.802658099235614,Charger
831,1746468861247,55.632461840908334,Charger
832,1746468861306,55.46895603289958,Charger
833,1746468861367,55.251370059499,Charger
834,1746468861427,55.24378121654932,Charger
835,1746468861487,55.08214382427682,Charger
836,1746468861547,55.1028345562369,Charger
837,1746468861607,55.174354636994565,Charger
838,1746468861667,55.24002583721473,Charger
839,1746468861727,55.48172445613274,Charger
840,1746468861786,55.63802942326439,Charger
841,1746468861846,55.817189282217406,Charger
842,1746468861909,55.913837585721765,Charger
843,1746468861967,56.02637449960092,Charger
844,1746468862026,56.06882779101441,Charger
845,1746468862086,56.005154301717226,Charger
846,1746468862148,55.963576656718246,Charger
847,1746468862206,55.95738233238458,Charger
848,1746468862267,56.02134159085509,Charger
849,1746468862327,56.174067961138256,Charger
850,1746468862387,56.1526251385932,Charger
851,1746468862446,56.26046200693645,Charger
852,1746468862506,56.20069595012911,Charger
853,1746468862567,56.28332425232178,Charger
854,1746468862626,56.49608813137242,Charger
855,1746468862686,56.59938048168596,Charger
856,1746468862746,56.45172084566632,Charger
857,1746468862807,56.30390031277268,Charger
858,1746468862866,56.21085423483661,Charger
859,1746468862927,56.123211706043925,Charger
860,1746468862986,56.14443315542402,Charger
861,1746468863046,56.227232164765546,Charger
862,1746468863106,56.10469234357216,Charger
863,1746468863166,55.95248305752774,Charger
864,1746468863228,55.92347899919272,Charger
865,1746468863287,55.89031903074112,Charger
866,1746468863348,55.89562499104774,Charger
867,1746468863407,55.80640635141159,Charger
868,1746468863468,55.585733203118494,Charger
869,1746468863528,55.33720088048092,Charger
870,1746468863586,55.15703682440384,Charger
871,1746468863648,55.20626766278404,Charger
872,1746468863706,55.331822899573964,Charger
873,1746468863766,55.40415523926083,Charger
874,1746468863827,55.41181148697864,Charger
875,1746468863888,55.5869005536033,Charger
876,1746468863947,55.59957454355882,Charger
877,1746468864006,55.66340096399032,Charger
878,1746468864067,55.64879169501882,Charger
879,1746468864127,55.48414156312217,Charger
880,1746468864186,55.2614944743166,Charger
881,1746468864246,55.1331969271687,Charger
882,1746468864308,55.04084668953836,Charger
883,1746468864367,54.90703784875664,Charger
884,1746468864427,55.02275724485291,Charger
885,1746468864487,55.20791532102962,Charger
886,1746468864548,55.36175476792678,Charger
887,1746468864607,55.54225716355931,Charger
888,1746468864667,55.72294203470557,Charger
889,1746468864727,55.77872012891245,Charger
890,1746468864788,55.90555562328573,Charger
891,1746468864847,55.86323701729136,Charger
892,1746468864906,55.88076860962676,Charger
893,1746468864967,55.75671710207919,Charger
894,1746468865026,55.58314236473964,Charger
895,1746468865087,55.51170865065855,Charger
896,1746468865147,55.53387377061279,Charger
897,1746468865208,55.563950757373824,Charger
898,1746468865266,55.63477869597132,Charger
899,1746468865327,55.76039693030943,Charger
900,1746468865389,55.883570040220405,Charger
901,1746468865446,55.96191647676766,Charger
902,1746468865506,56.01438391934664,Charger
903,1746468865567,56.01447150947716,Charger
904,1746468865627,55.89249075360785,Charger
905,1746468865689,55.81818001045755,Charger
906,1746468865747,55.75056426859658,Charger
907,1746468865807,55.69068769148868,Charger
908,1746468865867,55.676227688196846,Charger
909,1746468865927,55.57422050735089,Charger
910,1746468865986,55.66856525919847,Charger
911,1746468866048,55.78637164429143,Charger
912,1746468866106,56.03445807886887,Charger
913,1746468866167,56.05334229195106,Charger
914,1746468866227,55.90639243588075,Charger
915,1746468866288,55.83110060896577,Charger
916,1746468866348,55.72440150672436,Charger
917,1746468866407,55.73584377243196,Charger
918,1746468866472,55.585558007066126,Charger
919,1746468866527,55.53144193381069,Charger
920,1746468866586,55.54362413118047,Charger
921,1746468866648,55.702621253947385,Charger
922,1746468866707,55.99216701023374,Charger
923,1746468866766,56.21223317961583,Charger
924,1746468866826,56.21347028456031,Charger
925,1746468866886,56.22340632603903,Charger
926,1746468866948,56.23223344922933,Charger
927,1746468867006,56.16387578857054,Charger
928,1746468867066,56.03721322601694,Charger
929,1746468867126,55.89559217384161,Charger
930,1746468867186,55.753323680009885,Charger
931,1746468361427,108.3505597765959,Microwave
932,1746468361486,187.03269009846983,Microwave
933,1746468361546,235.39824599866077,Microwave
934,1746468361606,231.44319359146783,Microwave
935,1746468361666,187.73427396861592,Microwave
936,1746468361727,124.04874397112452,Microwave
937,1746468361786,116.90543074466866,Microwave
938,1746468361846,166.45528641427828,Microwave
939,1746468361906,209.6092482967556,Microwave
940,1746468361968,193.09290692376445,Microwave
941,1746468362026,130.74435721731948,Microwave
942,1746468362087,62.25391968635001,Microwave
943,1746468362146,117.29474542939072,Microwave
944,1746468362207,197.39462852170223,Microwave
945,1746468362266,239.1199173513473,Microwave
946,1746468362327,229.68878693437335,Microwave
947,1746468362387,180.59153570288055,Microwave
948,1746468362446,118.362797410974,Microwave
949,1746468362506,121.92916464655316,Microwave
950,1746468362566,173.56308349181631,Microwave
951,1746468362628,209.74823947517768,Microwave
952,1746468362686,185.41038994486985,Microwave
953,1746468362746,116.20848132580328,Microwave
954,1746468362806,60.79627657334786,Microwave
955,1746468362867,124.41613543091488,Microwave
956,1746468362928,200.00077543647183,Microwave
957,1746468362986,229.9676629813281,Microwave
958,1746468363047,210.53471409310504,Microwave
959,1746468363106,153.18297527013576,Microwave
960,1746468363166,108.623494157483,Microwave
961,1746468363228,145.32834149017967,Microwave
962,1746468363287,203.2121611238068,Microwave
963,1746468363346,224.51398115789348,Microwave
964,1746468363406,188.82821636821808,Microwave
965,1746468363466,106.41681190429044,Microwave
966,1746468363526,55.63286209740656,Microwave
967,1746468363586,138.2702181373942,Microwave
968,1746468363649,214.41007863391437,Microwave
969,1746468363707,235.64623793252403,Microwave
970,1746468363766,208.79589344119685,Microwave
971,1746468363827,147.23892958355356,Microwave
972,1746468363887,111.43656427904747,Microwave
973,1746468363947,153.51199892675322,Microwave
974,1746468364006,206.922198994432,Microwave
975,1746468364066,223.5107576528365,Microwave
976,1746468364128,179.0766913468738,Microwave
977,1746468364186,94.50340201513664,Microwave
978,1746468364247,67.172009870736,Microwave
979,1746468364306,150.27558611595472,Microwave
980,1746468364368,217.43318500264724,Microwave
981,1746468364428,229.88761402812008,Microwave
982,1746468364486,197.78522146511895,Microwave
983,1746468364549,135.56083458380016,Microwave
984,1746468364607,116.23332791062585,Microwave
985,1746468364666,167.06744595451454,Microwave
986,1746468364726,214.79413907696883,Microwave
987,1746468364788,220.69703275797207,Microwave
988,1746468364846,170.1466743629064,Microwave
989,1746468364906,84.8390392180136,Microwave
990,1746468364966,71.94012940154363,Microwave
991,1746468365027,156.65366991677303,Microwave
992,1746468365086,219.1364214581592,Microwave
993,1746468365148,226.1720768376692,Microwave
994,1746468365206,192.9997218033906,Microwave
995,1746468365266,135.412536144648,Microwave
996,1746468365326,126.43969272426268,Microwave
997,1746468365386,175.93720380361776,Microwave
998,1746468365448,214.73908675138424,Microwave
999,1746468365506,211.39777324860745,Microwave
1000,1746468365567,155.1032721258244,Microwave
1001,1746468365627,73.67560523777702,Microwave
1002,1746468365687,82.91667894919867,Microwave
1003,1746468365746,165.9090159677287,Microwave
1004,1746468365807,220.30679906486512,Microwave
1005,1746468365867,221.2980375197733,Microwave
1006,1746468365926,184.46701039784716,Microwave
1007,1746468365986,131.53313528796588,Microwave
1008,1746468366046,135.70442966744542,Microwave
1009,1746468366107,187.05255633322813,Microwave
1010,1746468366166,217.66527323263207,Microwave
1011,1746468366226,205.47610566802143,Microwave
1012,1746468366286,143.635592591878,Microwave
1013,1746468366347,68.66652047195748,Microwave
1014,1746468366406,91.91414765087744,Microwave
1015,1746468366466,173.1376104259079,Microwave
1016,1746468366527,219.6362967649844,Microwave
1017,1746468366586,213.63643319725912,Microwave
1018,1746468366646,172.778571870346,Microwave
1019,1746468366707,127.66146291260944,Microwave
1020,1746468366767,145.3621985865944,Microwave
1021,1746468366827,198.0126489407905,Microwave
1022,1746468366886,218.2827298880286,Microwave
1023,1746468366946,195.95743618468268,Microwave
1024,1746468367008,127.32496629499563,Microwave
1025,1746468367066,63.51684960854927,Microwave
1026,1746468367126,102.87421454944408,Microwave
1027,1746468367187,181.38267340682748,Microwave
1028,1746468367246,218.18870832350711,Microwave
1029,1746468367307,206.9812688070546,Microwave
1030,1746468367367,162.71025681981405,Microwave
1031,1746468367428,129.9037006357622,Microwave
1032,1746468367485,157.85412346462965,Microwave
1033,1746468367546,209.17475418659103,Microwave
1034,1746468367608,217.24098095744745,Microwave
1035,1746468367666,183.73766384707864,Microwave
1036,1746468367726,108.8697879517146,Microwave
1037,1746468367786,63.90795449641963,Microwave
1038,1746468367848,117.13662235793014,Microwave
1039,1746468367906,190.58729095712755,Microwave
1040,1746468367967,214.66834016258213,Microwave
1041,1746468368026,195.6262073734554,Microwave
1042,1746468368086,147.98072268889985,Microwave
1043,1746468368146,130.97691821055105,Microwave
1044,1746468368206,171.5202253600368,Microwave
1045,1746468368267,218.3128184220828,Microwave
1046,1746468368326,215.26587846892664,Microwave
1047,1746468368386,172.2546604500459,Microwave
1048,1746468368447,93.2354299610075,Microwave
1049,1746468368507,68.89358421171836,Microwave
1050,1746468368566,131.15282456413772,Microwave
1051,1746468368627,197.5162803428637,Microwave
1052,1746468368686,211.04066158828329,Microwave
1053,1746468368747,185.6830083654584,Microwave
1054,1746468368807,139.09669047517826,Microwave
1055,1746468368866,137.27948012816051,Microwave
1056,1746468368927,184.89650729949045,Microwave
1057,1746468368986,223.3953155582256,Microwave
1058,1746468369046,208.91730495823535,Microwave
1059,1746468369106,157.09650548727691,Microwave
1060,1746468369167,79.88036041415096,Microwave
1061,1746468369227,84.40055995866715,Microwave
1062,1746468369286,157.34509603060633,Microwave
1063,1746468369347,209.5682583533765,Microwave
1064,1746468369406,203.1370812039765,Microwave
1065,1746468369466,160.26025563298947,Microwave
1066,1746468369527,113.80943011874334,Microwave
1067,1746468369587,144.82534930702178,Microwave
1068,1746468369646,211.79193729448144,Microwave
1069,1746468369706,244.70631318197132,Microwave
1070,1746468369767,221.14691946569476,Microwave
1071,1746468369828,147.44636329675444,Microwave
1072,1746468369887,48.227469603218665,Microwave
1073,1746468369946,93.34684476132637,Microwave
1074,1746468370008,182.81878623757305,Microwave
1075,1746468370066,228.69144089920076,Microwave
1076,1746468370126,216.86696237811108,Microwave
1077,1746468370187,161.56408016826649,Microwave
1078,1746468370248,110.89023522005236,Microwave
1079,1746468370306,154.7985369158517,Microwave
1080,1746468370367,227.73344414546492,Microwave
1081,1746468370427,252.59566406461212,Microwave
1082,1746468370486,218.1994918052027,Microwave
1083,1746468370546,131.25956364518595,Microwave
1084,1746468370606,42.68168968519408,Microwave
1085,1746468370667,107.923218786507,Microwave
1086,1746468370726,192.40863341046887,Microwave
1087,1746468370786,229.95227371865963,Microwave
1088,1746468370846,210.1864330075294,Microwave
1089,1746468370907,150.13850052401514,Microwave
1090,1746468370966,113.7071391922864,Microwave
1091,1746468371026,169.54363152272057,Microwave
1092,1746468371086,237.6719270364881,Microwave
1093,1746468371146,249.778324060254,Microwave
1094,1746468371206,204.7458890467288,Microwave
1095,1746468371266,112.73997227176103,Microwave
1096,1746468371328,44.42528788526845,Microwave
1097,1746468371386,123.8492061059385,Microwave
1098,1746468371446,202.8460545536268,Microwave
1099,1746468371506,229.1615979920512,Microwave
1100,1746468371567,201.22722755916283,Microwave
1101,1746468371626,137.1810217613407,Microwave
1102,1746468371686,119.2315023013447,Microwave
1103,1746468371747,185.7607161863208,Microwave
1104,1746468371806,248.29808421400287,Microwave
1105,1746468371867,249.19231888634548,Microwave
1106,1746468371926,193.8044108715572,Microwave
1107,1746468371987,95.11074463724388,Microwave
1108,1746468372048,51.49021189966645,Microwave
1109,1746468372106,137.08313851624243,Microwave
1110,1746468372166,208.4338284305985,Microwave
1111,1746468372226,223.38956316587056,Microwave
1112,1746468372286,187.6250824145248,Microwave
1113,1746468372347,121.45861720974696,Microwave
1114,1746468372407,118.05056456598412,Microwave
1115,1746468372466,192.2998739739064,Microwave
1116,1746468372526,250.568123849094,Microwave
1117,1746468372586,244.19366808995852,Microwave
1118,1746468372648,184.48152054267584,Microwave
1119,1746468372706,87.82937700801344,Microwave
1120,1746468372766,64.7977169413954,Microwave
1121,1746468372826,146.68705995354733,Microwave
1122,1746468372886,209.0739869581836,Microwave
1123,1746468372946,219.398386352064,Microwave
1124,1746468373007,185.2144426342039,Microwave
1125,1746468373067,129.49792486903166,Microwave
1126,1746468373126,140.10003675078997,Microwave
1127,1746468373186,204.77116053538384,Microwave
1128,1746468373247,252.24554099097423,Microwave
1129,1746468373307,240.20484339744647,Microwave
1130,1746468373368,180.5011289062889,Microwave
1131,1746468373426,97.22872424733208,Microwave
1132,1746468373487,76.26938743820432,Microwave
1133,1746468373546,142.24570674498247,Microwave
1134,1746468373608,197.5643180890955,Microwave
1135,1746468373666,203.8251957355064,Microwave
1136,1746468373727,177.40674432268753,Microwave
1137,1746468373786,145.71512631996902,Microwave
1138,1746468373847,161.6178394364966,Microwave
1139,1746468373906,208.89252410685117,Microwave
1140,1746468373968,232.617979661553,Microwave
1141,1746468374026,205.9526321665243,Microwave
1142,1746468374086,140.36293543909375,Microwave
1143,1746468374147,75.28979214062878,Microwave
1144,1746468374206,99.33055081727191,Microwave
1145,1746468374266,164.38334972093128,Microwave
1146,1746468374326,200.93657428743012,Microwave
1147,1746468374387,197.7182309990302,Microwave
1148,1746468374446,165.51345838642848,Microwave
1149,1746468374506,140.16725106328516,Microwave
1150,1746468374566,166.61311750793388,Microwave
1151,1746468374627,216.217331499634,Microwave
1152,1746468374686,230.9711919069094,Microwave
1153,1746468374746,196.6364525263968,Microwave
1154,1746468374808,124.12411049001214,Microwave
1155,1746468374866,68.42501215744748,Microwave
1156,1746468374926,108.31763954920662,Microwave
1157,1746468374986,172.87861997326988,Microwave
1158,1746468375047,203.9437679103136,Microwave
1159,1746468375106,196.30281535003573,Microwave
1160,1746468738867,140.33517232863753,Wireless charger
1161,1746468738928,139.41128185998377,Wireless charger
1162,1746468738986,139.39625638613788,Wireless charger
1163,1746468739046,139.40677591046375,Wireless charger
1164,1746468739106,139.10947295446738,Wireless charger
1165,1746468739166,138.921398234911,Wireless charger
1166,1746468739226,138.98859590087545,Wireless charger
1167,1746468739287,139.21605113486453,Wireless charger
1168,1746468739346,139.8433458052096,Wireless charger
1169,1746468739406,140.646872642443,Wireless charger
1170,1746468739467,140.51332666618694,Wireless charger
1171,1746468739526,140.77230329841962,Wireless charger
1172,1746468739586,141.1028256747766,Wireless charger
1173,1746468739646,141.27234035128996,Wireless charger
1174,1746468739708,141.41742314570035,Wireless charger
1175,1746468739766,142.01087812429844,Wireless charger
1176,1746468739828,141.99037453681638,Wireless charger
1177,1746468739885,141.71316271816494,Wireless charger
1178,1746468739946,141.8253384491805,Wireless charger
1179,1746468740006,141.3572931449787,Wireless charger
1180,1746468740066,140.77551925209798,Wireless charger
1181,1746468740127,140.17826228807863,Wireless charger
1182,1746468740186,139.94575046054877,Wireless charger
1183,1746468740246,139.40694897843932,Wireless charger
1184,1746468740306,138.85292265755405,Wireless charger
1185,1746468740367,138.6732557476925,Wireless charger
1186,1746468740426,138.321758225348,Wireless charger
1187,1746468740485,138.21253569824094,Wireless charger
1188,1746468740546,138.27841228612257,Wireless charger
1189,1746468740606,138.4636818007739,Wireless charger
1190,1746468740666,138.39577527602532,Wireless charger
1191,1746468740726,138.28593568214524,Wireless charger
1192,1746468740787,138.38329353165798,Wireless charger
1193,1746468740846,138.48209032183493,Wireless charger
1194,1746468740906,138.4769346459127,Wireless charger
1195,1746468740966,138.7034597566981,Wireless charger
1196,1746468741027,138.98963612780358,Wireless charger
1197,1746468741086,139.35626965616876,Wireless charger
1198,1746468741146,139.7843676393766,Wireless charger
1199,1746468741206,140.33012372372266,Wireless charger
1200,1746468741266,140.86969068749585,Wireless charger
1201,1746468741327,140.7989679474829,Wireless charger
1202,1746468741386,140.67577679031348,Wireless charger
1203,1746468741447,140.26698181053644,Wireless charger
1204,1746468741506,140.1253485496127,Wireless charger
1205,1746468741566,139.85534147250553,Wireless charger
1206,1746468741626,139.3560580151212,Wireless charger
1207,1746468741686,139.14891458314884,Wireless charger
1208,1746468741746,138.76304199701212,Wireless charger
1209,1746468741806,138.8650209606508,Wireless charger
1210,1746468741867,139.47795784807576,Wireless charger
1211,1746468741926,139.53377093873632,Wireless charger
1212,1746468741986,139.36851621167102,Wireless charger
1213,1746468742046,139.55137531295773,Wireless charger
1214,1746468742107,139.55291164330723,Wireless charger
1215,1746468742166,139.4867804918861,Wireless charger
1216,1746468742226,139.3492370311519,Wireless charger
1217,1746468742286,138.89752856737726,Wireless charger
1218,1746468742346,138.47175200424323,Wireless charger
1219,1746468742406,137.95772723304546,Wireless charger
1220,1746468742466,137.25728798188877,Wireless charger
1221,1746468742528,136.2698256547922,Wireless charger
1222,1746468742586,135.50914395626742,Wireless charger
1223,1746468742646,134.22640232317102,Wireless charger
1224,1746468742706,133.1959412833829,Wireless charger
1225,1746468742767,132.26037853763287,Wireless charger
1226,1746468742826,130.98152036442843,Wireless charger
1227,1746468742885,130.67642122177824,Wireless charger
1228,1746468742947,130.4233719610067,Wireless charger
1229,1746468743006,130.68087723412614,Wireless charger
1230,1746468743066,130.99027727438894,Wireless charger
1231,1746468743126,131.662920485064,Wireless charger
1232,1746468743187,132.395289260783,Wireless charger
1233,1746468743247,133.479634038374,Wireless charger
1234,1746468743306,134.80626654993813,Wireless charger
1235,1746468743366,135.18094251773132,Wireless charger
1236,1746468743426,135.2564394177691,Wireless charger
1237,1746468743486,135.09105795598305,Wireless charger
1238,1746468743546,134.93051751917,Wireless charger
1239,1746468743607,134.79305394590315,Wireless charger
1240,1746468743666,134.92705812130302,Wireless charger
1241,1746468743726,134.68474456829173,Wireless charger
1242,1746468743786,134.5286135620812,Wireless charger
1243,1746468743847,135.20845719036836,Wireless charger
1244,1746468743906,136.09237837700047,Wireless charger
1245,1746468743966,136.90294398130152,Wireless charger
1246,1746468744026,137.76269979075644,Wireless charger
1247,1746468744086,138.6351589561387,Wireless charger
1248,1746468744146,139.20092775646123,Wireless charger
1249,1746468744206,139.69182186788663,Wireless charger
1250,1746468744267,139.86258260492843,Wireless charger
1251,1746468744326,139.91022437327476,Wireless charger
1252,1746468744385,139.8396875261007,Wireless charger
1253,1746468744447,139.58806312449525,Wireless charger
1254,1746468744508,138.85172845783234,Wireless charger
1255,1746468744566,138.00190714098812,Wireless charger
1256,1746468744626,137.10137261469436,Wireless charger
1257,1746468744685,136.37406522981206,Wireless charger
1258,1746468744746,135.87009369510233,Wireless charger
1259,1746468744806,135.54796807009023,Wireless charger
1260,1746468744867,135.17251928722484,Wireless charger
1261,1746468744927,134.67607040918168,Wireless charger
1262,1746468744986,134.41366956477452,Wireless charger
1263,1746468745046,134.74868116448224,Wireless charger
1264,1746468745106,135.2066378924201,Wireless charger
1265,1746468745167,135.6459491494344,Wireless charger
1266,1746468745226,135.76680126437975,Wireless charger
1267,1746468745288,135.53741277216793,Wireless charger
1268,1746468745346,135.5834882895146,Wireless charger
1269,1746468745406,135.77576080794648,Wireless charger
1270,1746468745466,135.96717678021776,Wireless charger
1271,1746468745526,135.56911774739737,Wireless charger
1272,1746468745587,135.10247254420915,Wireless charger
1273,1746468745646,134.43461950272757,Wireless charger
1274,1746468745708,134.0426457404297,Wireless charger
1275,1746468745768,133.5937008414197,Wireless charger
1276,1746468745826,133.20942259572968,Wireless charger
1277,1746468745885,132.9294637221866,Wireless charger
1278,1746468745947,132.97599084348352,Wireless charger
1279,1746468746007,133.4130565001223,Wireless charger
1280,1746468746066,133.88509752334926,Wireless charger
1281,1746468746126,134.77248942605993,Wireless charger
1282,1746468746186,135.4691792343364,Wireless charger
1283,1746468746248,136.26794314349226,Wireless charger
1284,1746468746306,136.9532723772266,Wireless charger
1285,1746468746366,137.1043310908676,Wireless charger
1286,1746468746426,137.10021329806833,Wireless charger
1287,1746468746486,137.29901525931976,Wireless charger
1288,1746468746545,137.47272834222505,Wireless charger
1289,1746468746606,137.61968010258477,Wireless charger
1290,1746468746667,137.56835784533868,Wireless charger
1291,1746468746726,136.99373679114697,Wireless charger
1292,1746468746785,136.69314870290063,Wireless charger
1293,1746468746846,136.68692292875235,Wireless charger
1294,1746468746907,136.75725700991282,Wireless charger
1295,1746468746966,136.78348569563258,Wireless charger
1296,1746468747026,136.73617431272808,Wireless charger
1297,1746468747086,136.52294965963685,Wireless charger
1298,1746468747146,136.80598191496418,Wireless charger
1299,1746468747206,137.5293028068389,Wireless charger
1300,1746468747267,138.29518719240698,Wireless charger
1301,1746468747327,138.76694968521787,Wireless charger
1302,1746468747386,139.37428635350383,Wireless charger
1303,1746468747446,139.47838770353405,Wireless charger
1304,1746468747506,139.126464928166,Wireless charger
1305,1746468747567,138.92530106368926,Wireless charger
1306,1746468747626,138.75110045125533,Wireless charger
1307,1746468747686,138.8091977082782,Wireless charger
1308,1746468747747,138.8810399123548,Wireless charger
1309,1746468747806,138.9795695655521,Wireless charger
1310,1746468747866,138.86818914480048,Wireless charger
1311,1746468747926,138.63751080053558,Wireless charger
1312,1746468747987,139.10422436095055,Wireless charger
1313,1746468748046,139.4286311276463,Wireless charger
1314,1746468748106,139.7296787103148,Wireless charger
1315,1746468748166,140.00919153340158,Wireless charger
1316,1746468748226,139.98361612343547,Wireless charger
1317,1746468748287,140.30932968146757,Wireless charger
1318,1746468748347,140.3497181960575,Wireless charger
1319,1746468748407,140.73271659957334,Wireless charger
1320,1746468748466,140.74517475225065,Wireless charger
1321,1746468748526,140.50754964765414,Wireless charger
1322,1746468748586,140.32959781945482,Wireless charger
1323,1746468748647,140.05293774157235,Wireless charger
1324,1746468748706,139.63450899753116,Wireless charger
1325,1746468748766,139.18874872915936,Wireless charger
1326,1746468748826,139.2317916665738,Wireless charger
1327,1746468748886,139.1873483112471,Wireless charger
1328,1746468748946,139.34698128761775,Wireless charger
1329,1746468749006,139.65268193014407,Wireless charger
1330,1746468749067,139.56007966600603,Wireless charger
1331,1746468749126,139.65001789916494,Wireless charger
1332,1746468749186,139.81900869895267,Wireless charger
1333,1746468749247,139.63360471987465,Wireless charger
1334,1746468749307,139.49783144608688,Wireless charger
1335,1746468749366,139.48628615435666,Wireless charger
1336,1746468749426,139.65610875824007,Wireless charger
1337,1746468749487,139.9007154703422,Wireless charger
1338,1746468749546,140.41893526773868,Wireless charger
1339,1746468749606,140.61668002080444,Wireless charger
1340,1746468749666,140.82372054865277,Wireless charger
1341,1746468749727,141.5904499397645,Wireless charger
1342,1746468749787,142.01014882809022,Wireless charger
1343,1746468749846,142.18248913866535,Wireless charger
1344,1746468749906,141.92503945022702,Wireless charger
1345,1746468749967,141.73950837600844,Wireless charger
1346,1746468750026,141.55260941792852,Wireless charger
1347,1746468750086,141.5892089799214,Wireless charger
1348,1746468750147,141.84058129018032,Wireless charger
1349,1746468750208,141.74041545950078,Wireless charger
1350,1746468750266,141.43812348394005,Wireless charger
1351,1746468750326,141.22567732289468,Wireless charger
1352,1746468750387,141.1060129151071,Wireless charger
1353,1746468750446,140.86532645389488,Wireless charger
1354,1746468750506,140.6150661054286,Wireless charger
1355,1746468750566,140.37238976841454,Wireless charger
1356,1746468750627,139.98185166603812,Wireless charger
1357,1746468750686,139.76244081475986,Wireless charger
1358,1746468750746,139.64189719018566,Wireless charger
1359,1746468750807,139.77771179899574,Wireless charger
1360,1746468750865,139.73838569462123,Wireless charger
1361,1746468750926,139.6060319064639,Wireless charger
1362,1746468750986,139.49142129648888,Wireless charger
1363,1746468751048,139.86143040225474,Wireless charger
1364,1746468615929,55.02766378554039,WI-FI router
1365,1746468615986,54.43338226150804,WI-FI router
1366,1746468616046,54.06465682685393,WI-FI router
1367,1746468616107,53.88365710392584,WI-FI router
1368,1746468616185,53.79611985899798,WI-FI router
1369,1746468616227,53.34665358506791,WI-FI router
1370,1746468616287,53.341672318662944,WI-FI router
1371,1746468616347,53.120870219008026,WI-FI router
1372,1746468616406,53.28781717690589,WI-FI router
1373,1746468616466,53.48971948314627,WI-FI router
1374,1746468616528,53.34783976197144,WI-FI router
1375,1746468616586,53.44749340033513,WI-FI router
1376,1746468616646,53.63970462166704,WI-FI router
1377,1746468616707,54.04947756396019,WI-FI router
1378,1746468616767,53.98343900226843,WI-FI router
1379,1746468616826,54.412143652016645,WI-FI router
1380,1746468616887,54.61839830209707,WI-FI router
1381,1746468616950,54.64330027692692,WI-FI router
1382,1746468617006,54.94472194020685,WI-FI router
1383,1746468617066,55.015193513238245,WI-FI router
1384,1746468617127,54.98857311355867,WI-FI router
1385,1746468617188,55.27038305415751,WI-FI router
1386,1746468617247,55.53131566308917,WI-FI router
1387,1746468617307,55.48217984054982,WI-FI router
1388,1746468617366,55.244674654121496,WI-FI router
1389,1746468617426,55.30102552438407,WI-FI router
1390,1746468617487,55.30045495075432,WI-FI router
1391,1746468617546,55.30508589974793,WI-FI router
1392,1746468617607,55.36576634876859,WI-FI router
1393,1746468617666,54.97431411582018,WI-FI router
1394,1746468617727,54.91345555074675,WI-FI router
1395,1746468617788,54.78675155658798,WI-FI router
1396,1746468617847,54.68004490342717,WI-FI router
1397,1746468617906,54.45090130577744,WI-FI router
1398,1746468617967,54.29335415899536,WI-FI router
1399,1746468618027,54.14424477560539,WI-FI router
1400,1746468618088,54.09737718833555,WI-FI router
1401,1746468618146,54.16484759591636,WI-FI router
1402,1746468618206,54.11169993357829,WI-FI router
1403,1746468618268,54.319880164261285,WI-FI router
1404,1746468618327,54.71572219886551,WI-FI router
1405,1746468618386,55.30852575455691,WI-FI router
1406,1746468618447,55.88953641765576,WI-FI router
1407,1746468618506,56.75588759039437,WI-FI router
1408,1746468618566,57.28285874413057,WI-FI router
1409,1746468618626,58.08416283447595,WI-FI router
1410,1746468618689,58.91493248910637,WI-FI router
1411,1746468618747,59.9127916633612,WI-FI router
1412,1746468618806,60.78403652738096,WI-FI router
1413,1746468618866,61.46774440243431,WI-FI router
1414,1746468618927,62.22973749808244,WI-FI router
1415,1746468618986,62.67661649917627,WI-FI router
1416,1746468619048,63.05344223614869,WI-FI router
1417,1746468619107,63.44693740106922,WI-FI router
1418,1746468619166,63.78965799791188,WI-FI router
1419,1746468619226,63.8477566958828,WI-FI router
1420,1746468619286,63.87159465941471,WI-FI router
1421,1746468619347,63.58425036176432,WI-FI router
1422,1746468619406,63.14949721129283,WI-FI router
1423,1746468619466,62.77729126853808,WI-FI router
1424,1746468619527,62.51291130575067,WI-FI router
1425,1746468619587,62.112266904823926,WI-FI router
1426,1746468619649,61.60682301108724,WI-FI router
1427,1746468619707,61.22162283017484,WI-FI router
1428,1746468619768,61.1003383746876,WI-FI router
1429,1746468619826,60.87224758031013,WI-FI router
1430,1746468619886,60.60959271078783,WI-FI router
1431,1746468619947,60.40035757353499,WI-FI router
1432,1746468620011,60.71111465882819,WI-FI router
1433,1746468620065,61.40918352287856,WI-FI router
1434,1746468620126,62.57819553085536,WI-FI router
1435,1746468620187,63.978735026238425,WI-FI router
1436,1746468620247,65.83617019155918,WI-FI router
1437,1746468620306,68.76896016963981,WI-FI router
1438,1746468620367,72.89209544343191,WI-FI router
1439,1746468620428,78.81874314228664,WI-FI router
1440,1746468620486,85.10380863077361,WI-FI router
1441,1746468620546,91.19498887050992,WI-FI router
1442,1746468620607,96.97576742613546,WI-FI router
1443,1746468620667,101.98848356342384,WI-FI router
1444,1746468620727,106.01993091953624,WI-FI router
1445,1746468620787,109.38845126185014,WI-FI router
1446,1746468620846,110.8978539901169,WI-FI router
1447,1746468620908,110.3393767345878,WI-FI router
1448,1746468620967,108.66959742807872,WI-FI router
1449,1746468621026,106.78023903519724,WI-FI router
1450,1746468621087,104.66564827601776,WI-FI router
1451,1746468621146,103.09514820588052,WI-FI router
1452,1746468621209,101.6498034154708,WI-FI router
1453,1746468621266,99.81830920847686,WI-FI router
1454,1746468621328,98.23845360627156,WI-FI router
1455,1746468621386,96.54652189464012,WI-FI router
1456,1746468621446,94.65099266547357,WI-FI router
1457,1746468621508,92.34578309019838,WI-FI router
1458,1746468621567,89.74094401831317,WI-FI router
1459,1746468621626,86.95187938552743,WI-FI router
1460,1746468621686,84.523334973597,WI-FI router
1461,1746468621750,82.49959148253835,WI-FI router
1462,1746468621806,80.93220867296527,WI-FI router
1463,1746468621868,79.80586262012261,WI-FI router
1464,1746468621929,79.0700696345229,WI-FI router
1465,1746468621988,78.73424499304163,WI-FI router
1466,1746468622047,78.95049937478667,WI-FI router
1467,1746468622107,79.46427231720862,WI-FI router
1468,1746468622168,80.26534774571995,WI-FI router
1469,1746468622226,81.18522720811768,WI-FI router
1470,1746468622288,82.28520494051008,WI-FI router
1471,1746468622347,83.44717893563333,WI-FI router
1472,1746468622407,84.70293470672704,WI-FI router
1473,1746468622466,85.91583835883489,WI-FI router
1474,1746468622528,86.87237606582676,WI-FI router
1475,1746468622587,87.71697158124393,WI-FI router
1476,1746468622646,88.15692579758861,WI-FI router
1477,1746468622706,88.23488650841982,WI-FI router
1478,1746468622767,87.9631727893016,WI-FI router
1479,1746468622828,87.6098874194987,WI-FI router
1480,1746468622886,87.24771786842187,WI-FI router
1481,1746468622946,86.92284886224179,WI-FI router
1482,1746468623006,86.70032512194865,WI-FI router
1483,1746468623068,86.51048349277939,WI-FI router
1484,1746468623127,86.48286483047818,WI-FI router
1485,1746468623186,86.51214287270378,WI-FI router
1486,1746468623248,86.8439300956657,WI-FI router
1487,1746468623307,87.08532085030298,WI-FI router
1488,1746468623367,87.28970786587844,WI-FI router
1489,1746468623426,87.41045287442358,WI-FI router
1490,1746468623488,87.7635732821613,WI-FI router
1491,1746468623547,87.78892788949946,WI-FI router
1492,1746468623607,87.81903934395821,WI-FI router
1493,1746468623666,87.91705810924744,WI-FI router
1494,1746468623727,87.83277907054058,WI-FI router
1495,1746468623787,87.98827932256263,WI-FI router
1496,1746468623846,87.88515934160947,WI-FI router
1497,1746468623907,87.86550741824465,WI-FI router
1498,1746468623967,87.77562576259406,WI-FI router
1499,1746468624028,87.80091679929139,WI-FI router
1500,1746468624087,87.76680493838914,WI-FI router
1501,1746468624147,87.6345607738052,WI-FI router
1502,1746468624207,87.67625957839356,WI-FI router
1503,1746468624266,87.5912788042118,WI-FI router
1504,1746468624326,87.77121146400799,WI-FI router
1505,1746468624387,87.91866831971976,WI-FI router
1506,1746468624446,88.09009417127949,WI-FI router
1507,1746468624506,88.29347129339533,WI-FI router
1508,1746468624568,88.39546868142902,WI-FI router
1509,1746468624626,88.60174485434314,WI-FI router
1510,1746468624686,88.74050420535345,WI-FI router
1511,1746468624746,88.78736609817113,WI-FI router
1512,1746468624807,88.71445656927811,WI-FI router
1513,1746468624867,88.59628402343614,WI-FI router
1514,1746468624926,88.31985852492899,WI-FI router
1515,1746468624987,88.20815172501702,WI-FI router
1516,1746468625046,88.26896434348183,WI-FI router
1517,1746468625107,88.16383094659166,WI-FI router
1518,1746468625166,88.15113493273428,WI-FI router
1519,1746468625230,88.17873558518868,WI-FI router
1520,1746468625287,88.28026412668605,WI-FI router
1521,1746468625347,88.2958464323588,WI-FI router
1522,1746468625407,88.56529124893538,WI-FI router
1523,1746468625466,88.60975183930485,WI-FI router
1524,1746468625526,88.65971765019357,WI-FI router
1525,1746468625586,88.75360790285312,WI-FI router
1526,1746468625647,88.67305289258341,WI-FI router
1527,1746468625707,88.69370966699336,WI-FI router
1528,1746468625766,88.56708953577696,WI-FI router
1529,1746468625827,88.66092821267091,WI-FI router
1530,1746468625888,88.71368894928548,WI-FI router
1531,1746468625948,88.83279779218806,WI-FI router
1532,1746468626006,88.94224936665739,WI-FI router
1533,1746468626066,89.08854864397036,WI-FI router
1534,1746468626126,89.2011832117607,WI-FI router
1535,1746468626186,89.14017159302367,WI-FI router
1536,1746468626247,89.31043411226743,WI-FI router
1537,1746468626308,89.25787123102646,WI-FI router
1538,1746468626366,89.49471519406501,WI-FI router
1539,1746468626426,89.49605417078634,WI-FI router
1540,1746468626486,89.4618352039162,WI-FI router
1541,1746468626548,89.50914594401699,WI-FI router
1542,1746468626607,89.56177621501729,WI-FI router
1543,1746468626666,89.86202597578657,WI-FI router
1544,1746468626727,89.89917232550917,WI-FI router
1545,1746468626786,89.98165505286885,WI-FI router
1546,1746468626847,89.68876531504577,WI-FI router
1547,1746468626908,89.70144289237308,WI-FI router
1548,1746468626968,89.65938065885082,WI-FI router
1549,1746468627026,89.68091104400722,WI-FI router
1550,1746468627086,89.79988118900083,WI-FI router
1551,1746468627146,89.79416724124229,WI-FI router
1552,1746468627207,89.84428050965629,WI-FI router
1553,1746468627266,90.08614058418333,WI-FI router
1554,1746468627327,90.31840046691664,WI-FI router
1555,1746468627388,90.54986147800844,WI-FI router
1556,1746468627446,90.78449380566236,WI-FI router
1557,1746468627507,90.7411226199231,WI-FI router
1558,1746468627566,90.07573302270087,WI-FI router
1559,1746468627627,89.35595698136822,WI-FI router
1560,1746468627686,88.53488182647419,WI-FI router
1561,1746468627746,87.3983922380583,WI-FI router
1562,1746468627808,86.4059914104738,WI-FI router
1563,1746468627867,85.71670108109505,WI-FI router
1564,1746468627927,85.37260457041356,WI-FI router
1565,1746468627986,84.69346194388258,WI-FI router
1566,1746468628047,84.71808168429777,WI-FI router
1567,1746468628106,84.5437468258233,WI-FI router
1568,1746468628167,84.40226269312969,WI-FI router
1569,1746468628226,84.51541125908952,WI-FI router
1570,1746468628287,84.4301210448471,WI-FI router
1571,1746468628346,83.97807150351346,WI-FI router
1572,1746468628406,83.4262107555352,WI-FI router
1573,1746468628468,83.11418162647124,WI-FI router
1574,1746468628526,82.82941874777696,WI-FI router
1575,1746468628586,82.25238776611194,WI-FI router
1576,1746468628647,80.64131741232944,WI-FI router
1577,1746468628709,77.70866191696535,WI-FI router
1578,1746468628767,74.22252469835503,WI-FI router
1579,1746468628826,70.55607915474825,WI-FI router
1580,1746468628886,66.42522005029304,WI-FI router
1581,1746468628947,62.46726289849221,WI-FI router
1582,1746468629006,58.41651249359707,WI-FI router
1583,1746468629067,54.65012061257605,WI-FI router
1584,1746468629127,52.30486082665674,WI-FI router
1585,1746468629186,51.079563133786486,WI-FI router
1586,1746468629246,50.41723224459279,WI-FI router
1587,1746468629306,50.05440100290029,WI-FI router
1588,1746468629367,50.01989411722568,WI-FI router
1589,1746468629426,49.91629932167573,WI-FI router
1590,1746468629487,49.95182507555815,WI-FI router
1591,1746468629546,49.94677234909536,WI-FI router
1592,1746468629607,49.83574529878376,WI-FI router
1593,1746468629665,49.79320732327093,WI-FI router
1594,1746468629728,49.70570522349422,WI-FI router
